ProsperRating..Alpha.,BorrowerRate,EstimatedReturn,ProsperRating..numeric.
HR,0.315323891,0.091813463,1
E,0.299223676,0.133121293,2
D,0.243131282,0.122307669,3
C,0.197109489,0.106298344,4
B,0.153724711,0.089429936,5
A,0.112013545,0.071666963,6
AA,0.07516195,0.051133842,7