ProsperRating..Alpha.,BorrowerRate,EstimatedReturn,ProsperRating..numeric.
HR,0.00120426,0.003181382,1
E,0.000772853,0.000715449,2
D,0.000576588,0.000601075,3
C,0.000563248,0.000533058,4
B,0.000376191,0.000348538,5
A,0.000342698,0.00025373,6
AA,0.000140074,9.81E-05,7
